Start Point,End Point,Time Taken(ms),Number of Nodes Visited
20,106,125.000000,28
33,106,133.000000,23
46,106,126.000000,21
45,106,131.000000,19
61,106,130.000000,14
72,106,131.000000,13
73,106,145.000000,10
74,106,161.000000,6
75,106,122.000000,5
89,106,120.000000,3
90,106,118.000000,1
