Alogrithim, Start Point,End Point,Time Taken(ms),Number of Nodes Visited , E Value
ARA*,33,106,144.000000,20,1
ARA*,46,106,138.000000,19,1
ARA*,45,106,133.000000,13,1
ARA*,61,106,130.000000,9,1
ARA*,72,106,129.000000,9,1
ARA*,73,106,128.000000,7,1
ARA*,74,106,147.000000,3,1
ARA*,75,106,132.000000,3,1
ARA*,89,106,137.000000,2,1
ARA*,90,106,160.000000,0,1
