Start Point,End Point,Time Taken(ms),Number of Nodes Visited
17,155,158.000000,98
18,155,146.000000,89
19,155,144.000000,80
20,155,153.000000,71
21,155,180.000000,62
22,155,150.000000,53
23,155,145.000000,44
39,155,143.000000,39
55,155,148.000000,34
56,155,147.000000,27
57,155,138.000000,20
73,155,143.000000,17
89,155,159.000000,14
105,155,153.000000,11
106,155,149.000000,7
122,155,147.000000,5
138,155,154.000000,3
154,155,149.000000,1
