Start Point,End Point,Time Taken(ms),Number of Nodes Visited
17,149,144.000000,23
16,149,140.000000,19
15,149,144.000000,15
31,149,143.000000,14
47,149,146.000000,13
63,149,146.000000,12
79,149,155.000000,11
91,149,153.000000,10
103,149,150.000000,9
115,149,155.000000,8
131,149,150.000000,5
132,149,145.000000,3
133,149,151.000000,1
