Start Point,End Point,Time Taken(ms),Number of Nodes Visited
17,155,330.000000,98
18,155,298.000000,89
19,155,278.000000,80
20,155,267.000000,71
21,155,253.000000,62
22,155,227.000000,53
23,155,215.000000,44
39,155,205.000000,39
55,155,196.000000,34
56,155,198.000000,27
57,155,191.000000,20
