Alogrithim, Start Point,End Point,Time Taken(ms),Number of Nodes Visited , E Value
A*,20,106,183.000000,28,N/A
A*,33,106,148.000000,23,N/A
A*,46,106,126.000000,21,N/A
A*,45,106,135.000000,19,N/A
A*,61,106,121.000000,14,N/A
A*,72,106,123.000000,13,N/A
A*,73,106,123.000000,10,N/A
A*,74,106,128.000000,6,N/A
A*,75,106,122.000000,5,N/A
A*,89,106,119.000000,3,N/A
A*,90,106,134.000000,1,N/A
FRA*,20,106,134.000000,29,N/A
G-FRA*,20,106,134.000000,29,N/A
