Start Point,End Point,Time Taken(ms),Number of Nodes Visited
17,151,174.000000,62
18,151,127.000000,53
34,151,119.000000,47
35,151,128.000000,39
36,151,131.000000,31
37,151,143.000000,23
53,151,119.000000,20
69,151,140.000000,17
85,151,123.000000,14
101,151,136.000000,11
102,151,148.000000,7
118,151,149.000000,5
134,151,149.000000,3
150,151,151.000000,1
